Date, POP
1/1/2001,114
1/2/2001,112
1/3/2001,110
1/4/2001,108
1/5/2001,112
1/6/2001,116
1/7/2001,113
1/8/2001,106
1/9/2001,100
1/10/2001,92
1/11/2001,94
1/12/2001,96
1/13/2001,100
1/14/2001,110
1/15/2001,120
1/16/2001,339
1/17/2001,332
1/18/2001,306
1/19/2001,277
1/20/2001,200
1/21/2001,160
1/22/2001,140
1/23/2001,130
1/24/2001,120
1/25/2001,115
1/26/2001,110
1/27/2001,108
1/28/2001,106
1/29/2001,105
1/30/2001,557
1/31/2001,1380
2/1/2001,1150
2/2/2001,853
2/3/2001,595
2/4/2001,409
2/5/2001,316
2/6/2001,272
2/7/2001,240
2/8/2001,600
2/9/2001,1600
2/10/2001,3610
2/11/2001,2940
2/12/2001,1560
2/13/2001,1060
2/14/2001,909
2/15/2001,1230
2/16/2001,891
2/17/2001,670
2/18/2001,492
2/19/2001,422
2/20/2001,368
2/21/2001,325
2/22/2001,286
2/23/2001,264
2/24/2001,253
2/25/2001,1550
2/26/2001,2220
2/27/2001,1180
2/28/2001,790
3/1/2001,577
3/2/2001,446
3/3/2001,373
3/4/2001,325
3/5/2001,289
3/6/2001,256
3/7/2001,253
3/8/2001,228
3/9/2001,211
3/10/2001,195
3/11/2001,195
3/12/2001,187
3/13/2001,194
3/14/2001,190
3/15/2001,182
3/16/2001,175
3/17/2001,186
3/18/2001,227
3/19/2001,264
3/20/2001,249
3/21/2001,223
3/22/2001,201
3/23/2001,193
3/24/2001,182
3/25/2001,160
3/26/2001,146
3/27/2001,139
3/28/2001,133
3/29/2001,132
3/30/2001,129
3/31/2001,126
4/1/2001,129
4/2/2001,122
4/3/2001,117
4/4/2001,112
4/5/2001,107
4/6/2001,960
4/7/2001,1930
4/8/2001,1030
4/9/2001,678
4/10/2001,503
4/11/2001,606
4/12/2001,715
4/13/2001,471
4/14/2001,348
4/15/2001,317
4/16/2001,373
4/17/2001,332
4/18/2001,274
4/19/2001,239
4/20/2001,234
4/21/2001,259
4/22/2001,330
4/23/2001,294
4/24/2001,266
4/25/2001,228
4/26/2001,200
4/27/2001,182
4/28/2001,160
4/29/2001,144
4/30/2001,138
5/1/2001,138
5/2/2001,132
5/3/2001,121
5/4/2001,116
5/5/2001,107
5/6/2001,96
5/7/2001,93
5/8/2001,107
5/9/2001,100
5/10/2001,91
5/11/2001,84
5/12/2001,85
5/13/2001,78
5/14/2001,72
5/15/2001,97
5/16/2001,137
5/17/2001,159
5/18/2001,151
5/19/2001,371
5/20/2001,232
5/21/2001,160
5/22/2001,134
5/23/2001,110
5/24/2001,139
5/25/2001,268
5/26/2001,247
5/27/2001,499
5/28/2001,492
5/29/2001,294
5/30/2001,211
5/31/2001,165
6/1/2001,155
6/2/2001,231
6/3/2001,327
6/4/2001,222
6/5/2001,283
6/6/2001,827
6/7/2001,928
6/8/2001,553
6/9/2001,346
6/10/2001,244
6/11/2001,193
6/12/2001,167
6/13/2001,157
6/14/2001,139
6/15/2001,118
6/16/2001,164
6/17/2001,126
6/18/2001,103
6/19/2001,96
6/20/2001,126
6/21/2001,123
6/22/2001,384
6/23/2001,220
6/24/2001,201
6/25/2001,142
6/26/2001,112
6/27/2001,96
6/28/2001,85
6/29/2001,77
6/30/2001,79
7/1/2001,68
7/2/2001,59
7/3/2001,62
7/4/2001,79
7/5/2001,80
7/6/2001,60
7/7/2001,54
7/8/2001,54
7/9/2001,52
7/10/2001,50
7/11/2001,45
7/12/2001,41
7/13/2001,39
7/14/2001,37
7/15/2001,35
7/16/2001,32
7/17/2001,33
7/18/2001,40
7/19/2001,36
7/20/2001,33
7/21/2001,31
7/22/2001,46
7/23/2001,40
7/24/2001,69
7/25/2001,57
7/26/2001,88
7/27/2001,45
7/28/2001,35
7/29/2001,31
7/30/2001,29
7/31/2001,29
8/1/2001,28
8/2/2001,28
8/3/2001,35
8/4/2001,29
8/5/2001,25
8/6/2001,23
8/7/2001,23
8/8/2001,22
8/9/2001,47
8/10/2001,77
8/11/2001,34
8/12/2001,26
8/13/2001,22
8/14/2001,21
8/15/2001,20
8/16/2001,22
8/17/2001,36
8/18/2001,25
8/19/2001,31
8/20/2001,29
8/21/2001,25
8/22/2001,44
8/23/2001,638
8/24/2001,297
8/25/2001,148
8/26/2001,96
8/27/2001,71
8/28/2001,57
8/29/2001,47
8/30/2001,40
8/31/2001,42
9/1/2001,34
9/2/2001,29
9/3/2001,27
9/4/2001,25
9/5/2001,27
9/6/2001,26
9/7/2001,27
9/8/2001,41
9/9/2001,40
9/10/2001,140
9/11/2001,70
9/12/2001,47
9/13/2001,38
9/14/2001,35
9/15/2001,30
9/16/2001,27
9/17/2001,26
9/18/2001,35
9/19/2001,82
9/20/2001,105
9/21/2001,63
9/22/2001,47
9/23/2001,40
9/24/2001,45
9/25/2001,44
9/26/2001,37
9/27/2001,34
9/28/2001,32
9/29/2001,30
9/30/2001,27
10/1/2001,26
10/2/2001,27
10/3/2001,27
10/4/2001,25
10/5/2001,63
10/6/2001,276
10/7/2001,158
10/8/2001,97
10/9/2001,72
10/10/2001,60
10/11/2001,127
10/12/2001,1350
10/13/2001,1910
10/14/2001,1480
10/15/2001,1820
10/16/2001,1650
10/17/2001,2640
10/18/2001,1640
10/19/2001,1020
10/20/2001,714
10/21/2001,541
10/22/2001,987
10/23/2001,1320
10/24/2001,1520
10/25/2001,1840
10/26/2001,1310
10/27/2001,797
10/28/2001,582
10/29/2001,454
10/30/2001,379
10/31/2001,333
11/1/2001,298
11/2/2001,278
11/3/2001,269
11/4/2001,243
11/5/2001,219
11/6/2001,204
11/7/2001,192
11/8/2001,179
11/9/2001,163
11/10/2001,153
11/11/2001,148
11/12/2001,137
11/13/2001,130
11/14/2001,126
11/15/2001,124
11/16/2001,120
11/17/2001,114
11/18/2001,109
11/19/2001,107
11/20/2001,103
11/21/2001,98
11/22/2001,94
11/23/2001,89
11/24/2001,89
11/25/2001,284
11/26/2001,278
11/27/2001,213
11/28/2001,212
11/29/2001,482
11/30/2001,1650
12/1/2001,1760
12/2/2001,958
12/3/2001,652
12/4/2001,475
12/5/2001,382
12/6/2001,323
12/7/2001,278
12/8/2001,243
12/9/2001,218
12/10/2001,195
12/11/2001,177
12/12/2001,165
12/13/2001,223
12/14/2001,469
12/15/2001,1380
12/16/2001,851
12/17/2001,1430
12/18/2001,1900
12/19/2001,1080
12/20/2001,716
12/21/2001,517
12/22/2001,410
12/23/2001,384
12/24/2001,345
12/25/2001,289
12/26/2001,246
12/27/2001,224
12/28/2001,209
12/29/2001,184
12/30/2001,165
12/31/2001,150
1/1/2002,143
1/2/2002,134
1/3/2002,127
1/4/2002,120
1/5/2002,115
1/6/2002,117
1/7/2002,113
1/8/2002,106
1/9/2002,108
1/10/2002,110
1/11/2002,112
1/12/2002,107
1/13/2002,106
1/14/2002,102
1/15/2002,105
1/16/2002,100
1/17/2002,100
1/18/2002,93
1/19/2002,90
1/20/2002,87
1/21/2002,87
1/22/2002,84
1/23/2002,91
1/24/2002,94
1/25/2002,93
1/26/2002,92
1/27/2002,88
1/28/2002,88
1/29/2002,97
1/30/2002,333
1/31/2002,1310
2/1/2002,2700
2/2/2002,2400
2/3/2002,1380
2/4/2002,942
2/5/2002,688
2/6/2002,543
2/7/2002,446
2/8/2002,393
2/9/2002,347
2/10/2002,333
2/11/2002,319
2/12/2002,298
2/13/2002,273
2/14/2002,248
2/15/2002,238
2/16/2002,229
2/17/2002,226
2/18/2002,204
2/19/2002,200
2/20/2002,240
2/21/2002,348
2/22/2002,319
2/23/2002,275
2/24/2002,257
2/25/2002,239
2/26/2002,244
2/27/2002,246
2/28/2002,220
3/1/2002,214
3/2/2002,220
3/3/2002,789
3/4/2002,714
3/5/2002,465
3/6/2002,363
3/7/2002,398
3/8/2002,406
3/9/2002,707
3/10/2002,1590
3/11/2002,928
3/12/2002,650
3/13/2002,521
3/14/2002,443
3/15/2002,386
3/16/2002,340
3/17/2002,301
3/18/2002,284
3/19/2002,273
3/20/2002,252
3/21/2002,236
3/22/2002,215
3/23/2002,206
3/24/2002,202
3/25/2002,209
3/26/2002,207
3/27/2002,220
3/28/2002,250
3/29/2002,352
3/30/2002,1440
3/31/2002,2060
4/1/2002,1210
4/2/2002,1010
4/3/2002,1820
4/4/2002,1290
4/5/2002,868
4/6/2002,674
4/7/2002,543
4/8/2002,574
4/9/2002,1720
4/10/2002,1430
4/11/2002,904
4/12/2002,740
4/13/2002,1280
4/14/2002,993
4/15/2002,726
4/16/2002,572
4/17/2002,476
4/18/2002,413
4/19/2002,365
4/20/2002,413
4/21/2002,489
4/22/2002,546
4/23/2002,428
4/24/2002,360
4/25/2002,326
4/26/2002,288
4/27/2002,272
4/28/2002,459
4/29/2002,416
4/30/2002,340
5/1/2002,299
5/2/2002,414
5/3/2002,377
5/4/2002,308
5/5/2002,275
5/6/2002,258
5/7/2002,265
5/8/2002,348
5/9/2002,827
5/10/2002,756
5/11/2002,526
5/12/2002,1640
5/13/2002,2540
5/14/2002,1500
5/15/2002,923
5/16/2002,666
5/17/2002,555
5/18/2002,493
5/19/2002,395
5/20/2002,332
5/21/2002,289
5/22/2002,255
5/23/2002,231
5/24/2002,211
5/25/2002,195
5/26/2002,251
5/27/2002,213
5/28/2002,184
5/29/2002,199
5/30/2002,196
5/31/2002,173
6/1/2002,155
6/2/2002,139
6/3/2002,149
6/4/2002,208
6/5/2002,192
6/6/2002,215
6/7/2002,172
6/8/2002,146
6/9/2002,129
6/10/2002,119
6/11/2002,110
6/12/2002,103
6/13/2002,96
6/14/2002,95
6/15/2002,106
6/16/2002,88
6/17/2002,82
6/18/2002,87
6/19/2002,80
6/20/2002,73
6/21/2002,81
6/22/2002,91
6/23/2002,76
6/24/2002,70
6/25/2002,68
6/26/2002,327
6/27/2002,218
6/28/2002,143
6/29/2002,108
6/30/2002,91
7/1/2002,82
7/2/2002,80
7/3/2002,77
7/4/2002,67
7/5/2002,60
7/6/2002,57
7/7/2002,54
7/8/2002,51
7/9/2002,66
7/10/2002,96
7/11/2002,70
7/12/2002,58
7/13/2002,53
7/14/2002,49
7/15/2002,48
7/16/2002,47
7/17/2002,46
7/18/2002,46
7/19/2002,44
7/20/2002,83
7/21/2002,53
7/22/2002,48
7/23/2002,46
7/24/2002,43
7/25/2002,40
7/26/2002,40
7/27/2002,60
7/28/2002,93
7/29/2002,107
7/30/2002,137
7/31/2002,82
8/1/2002,60
8/2/2002,52
8/3/2002,48
8/4/2002,42
8/5/2002,40
8/6/2002,40
8/7/2002,38
8/8/2002,36
8/9/2002,34
8/10/2002,34
8/11/2002,31
8/12/2002,31
8/13/2002,33
8/14/2002,43
8/15/2002,50
8/16/2002,42
8/17/2002,43
8/18/2002,39
8/19/2002,67
8/20/2002,63
8/21/2002,46
8/22/2002,40
8/23/2002,74
8/24/2002,66
8/25/2002,49
8/26/2002,43
8/27/2002,39
8/28/2002,34
8/29/2002,33
8/30/2002,32
8/31/2002,31
9/1/2002,28
9/2/2002,27
9/3/2002,26
9/4/2002,27
9/5/2002,27
9/6/2002,27
9/7/2002,26
9/8/2002,24
9/9/2002,23
9/10/2002,25
9/11/2002,23
9/12/2002,22
9/13/2002,23
9/14/2002,23
9/15/2002,21
9/16/2002,25
9/17/2002,23
9/18/2002,24
9/19/2002,30
9/20/2002,51
9/21/2002,80
9/22/2002,43
9/23/2002,33
9/24/2002,30
9/25/2002,27
9/26/2002,27
9/27/2002,50
9/28/2002,53
9/29/2002,35
9/30/2002,31
10/1/2002,30
10/2/2002,27
10/3/2002,27
10/4/2002,28
10/5/2002,43
10/6/2002,30
10/7/2002,29
10/8/2002,30
10/9/2002,28
10/10/2002,28
10/11/2002,27
10/12/2002,26
10/13/2002,25
10/14/2002,23
10/15/2002,26
10/16/2002,25
10/17/2002,25
10/18/2002,28
10/19/2002,55
10/20/2002,46
10/21/2002,34
10/22/2002,33
10/23/2002,30
10/24/2002,27
10/25/2002,30
10/26/2002,47
10/27/2002,36
10/28/2002,31
10/29/2002,32
10/30/2002,45
10/31/2002,40
11/1/2002,36
11/2/2002,33
11/3/2002,31
11/4/2002,30
11/5/2002,34
11/6/2002,47
11/7/2002,40
11/8/2002,37
11/9/2002,36
11/10/2002,80
11/11/2002,130
11/12/2002,77
11/13/2002,58
11/14/2002,48
11/15/2002,45
11/16/2002,45
11/17/2002,39
11/18/2002,38
11/19/2002,41
11/20/2002,45
11/21/2002,43
11/22/2002,90
11/23/2002,81
11/24/2002,61
11/25/2002,53
11/26/2002,50
11/27/2002,47
11/28/2002,43
11/29/2002,40
11/30/2002,41
12/1/2002,43
12/2/2002,42
12/3/2002,41
12/4/2002,39
12/5/2002,38
12/6/2002,38
12/7/2002,35
12/8/2002,34
12/9/2002,34
12/10/2002,33
12/11/2002,33
12/12/2002,33
12/13/2002,33
12/14/2002,34
12/15/2002,33
12/16/2002,33
12/17/2002,34
12/18/2002,36
12/19/2002,64
12/20/2002,150
12/21/2002,148
12/22/2002,97
12/23/2002,71
12/24/2002,59
12/25/2002,68
12/26/2002,56
12/27/2002,52
12/28/2002,45
12/29/2002,42
12/30/2002,45
12/31/2002,233
1/1/2003,248
1/2/2003,151
1/3/2003,109
1/4/2003,96
1/5/2003,79
1/6/2003,73
1/7/2003,62
1/8/2003,67
1/9/2003,73
1/10/2003,93
1/11/2003,84
1/12/2003,77
1/13/2003,68
1/14/2003,60
1/15/2003,57
1/16/2003,54
1/17/2003,52
1/18/2003,50
1/19/2003,50
1/20/2003,52
1/21/2003,50
1/22/2003,45
1/23/2003,42
1/24/2003,40
1/25/2003,38
1/26/2003,39
1/27/2003,37
1/28/2003,38
1/29/2003,40
1/30/2003,42
1/31/2003,41
2/1/2003,45
2/2/2003,52
2/3/2003,61
2/4/2003,277
2/5/2003,170
2/6/2003,160
2/7/2003,120
2/8/2003,90
2/9/2003,68
2/10/2003,61
2/11/2003,58
2/12/2003,53
2/13/2003,50
2/14/2003,46
2/15/2003,44
2/16/2003,40
2/17/2003,43
2/18/2003,44
2/19/2003,45
2/20/2003,44
2/21/2003,45
2/22/2003,52
2/23/2003,60
2/24/2003,52
2/25/2003,48
2/26/2003,46
2/27/2003,43
2/28/2003,42
3/1/2003,42
3/2/2003,41
3/3/2003,41
3/4/2003,41
3/5/2003,62
3/6/2003,88
3/7/2003,85
3/8/2003,100
3/9/2003,693
3/10/2003,507
3/11/2003,369
3/12/2003,305
3/13/2003,1010
3/14/2003,1490
3/15/2003,923
3/16/2003,709
3/17/2003,584
3/18/2003,488
3/19/2003,402
3/20/2003,410
3/21/2003,707
3/22/2003,520
3/23/2003,368
3/24/2003,294
3/25/2003,267
3/26/2003,298
3/27/2003,252
3/28/2003,222
3/29/2003,1070
3/30/2003,993
3/31/2003,697
4/1/2003,504
4/2/2003,397
4/3/2003,318
4/4/2003,334
4/5/2003,1600
4/6/2003,1430
4/7/2003,920
4/8/2003,902
4/9/2003,718
4/10/2003,583
4/11/2003,474
4/12/2003,381
4/13/2003,315
4/14/2003,259
4/15/2003,231
4/16/2003,208
4/17/2003,181
4/18/2003,174
4/19/2003,158
4/20/2003,144
4/21/2003,140
4/22/2003,135
4/23/2003,122
4/24/2003,111
4/25/2003,105
4/26/2003,105
4/27/2003,94
4/28/2003,87
4/29/2003,84
4/30/2003,83
5/1/2003,263
5/2/2003,323
5/3/2003,246
5/4/2003,182
5/5/2003,1190
5/6/2003,1500
5/7/2003,834
5/8/2003,573
5/9/2003,1460
5/10/2003,2870
5/11/2003,2730
5/12/2003,1890
5/13/2003,1490
5/14/2003,938
5/15/2003,917
5/16/2003,796
5/17/2003,585
5/18/2003,456
5/19/2003,369
5/20/2003,318
5/21/2003,273
5/22/2003,233
5/23/2003,201
5/24/2003,175
5/25/2003,154
5/26/2003,134
5/27/2003,120
5/28/2003,110
5/29/2003,102
5/30/2003,92
5/31/2003,111
6/1/2003,114
6/2/2003,99
6/3/2003,99
6/4/2003,95
6/5/2003,89
6/6/2003,81
6/7/2003,77
6/8/2003,73
6/9/2003,70
6/10/2003,64
6/11/2003,64
6/12/2003,167
6/13/2003,324
6/14/2003,264
6/15/2003,195
6/16/2003,143
6/17/2003,164
6/18/2003,265
6/19/2003,199
6/20/2003,154
6/21/2003,108
6/22/2003,85
6/23/2003,69
6/24/2003,61
6/25/2003,52
6/26/2003,46
6/27/2003,44
6/28/2003,41
6/29/2003,38
6/30/2003,35
7/1/2003,32
7/2/2003,29
7/3/2003,25
7/4/2003,29
7/5/2003,153
7/6/2003,99
7/7/2003,275
7/8/2003,441
7/9/2003,713
7/10/2003,528
7/11/2003,307
7/12/2003,201
7/13/2003,138
7/14/2003,101
7/15/2003,81
7/16/2003,70
7/17/2003,58
7/18/2003,48
7/19/2003,41
7/20/2003,34
7/21/2003,458
7/22/2003,572
7/23/2003,765
7/24/2003,468
7/25/2003,267
7/26/2003,171
7/27/2003,171
7/28/2003,1120
7/29/2003,626
7/30/2003,348
7/31/2003,227
8/1/2003,179
8/2/2003,853
8/3/2003,979
8/4/2003,672
8/5/2003,884
8/6/2003,558
8/7/2003,352
8/8/2003,251
8/9/2003,195
8/10/2003,159
8/11/2003,132
8/12/2003,124
8/13/2003,132
8/14/2003,119
8/15/2003,102
8/16/2003,86
8/17/2003,70
8/18/2003,58
8/19/2003,51
8/20/2003,45
8/21/2003,41
8/22/2003,70
8/23/2003,61
8/24/2003,45
8/25/2003,38
8/26/2003,51
8/27/2003,160
8/28/2003,79
8/29/2003,114
8/30/2003,177
8/31/2003,99
9/1/2003,1370
9/2/2003,2620
9/3/2003,2220
9/4/2003,1190
9/5/2003,769
9/6/2003,515
9/7/2003,366
9/8/2003,277
9/9/2003,219
9/10/2003,177
9/11/2003,145
9/12/2003,120
9/13/2003,101
9/14/2003,87
9/15/2003,87
9/16/2003,78
9/17/2003,64
9/18/2003,54
9/19/2003,47
9/20/2003,41
9/21/2003,37
9/22/2003,140
9/23/2003,272
9/24/2003,171
9/25/2003,670
9/26/2003,506
9/27/2003,1340
9/28/2003,1150
9/29/2003,677
9/30/2003,438
10/1/2003,311
10/2/2003,242
10/3/2003,198
10/4/2003,192
10/5/2003,177
10/6/2003,151
10/7/2003,132
10/8/2003,116
10/9/2003,103
10/10/2003,92
10/11/2003,83
10/12/2003,71
10/13/2003,65
10/14/2003,105
10/15/2003,680
10/16/2003,473
10/17/2003,306
10/18/2003,224
10/19/2003,182
10/20/2003,152
10/21/2003,133
10/22/2003,116
10/23/2003,105
10/24/2003,97
10/25/2003,97
10/26/2003,120
10/27/2003,128
10/28/2003,125
10/29/2003,126
10/30/2003,115
10/31/2003,105
11/1/2003,103
11/2/2003,100
11/3/2003,112
11/4/2003,94
11/5/2003,92
11/6/2003,94
11/7/2003,87
11/8/2003,79
11/9/2003,74
11/10/2003,68
11/11/2003,73
11/12/2003,79
11/13/2003,70
11/14/2003,62
11/15/2003,65
11/16/2003,67
11/17/2003,64
11/18/2003,101
11/19/2003,1130
11/20/2003,896
11/21/2003,518
11/22/2003,348
11/23/2003,264
11/24/2003,544
11/25/2003,624
11/26/2003,374
11/27/2003,298
11/28/2003,309
11/29/2003,451
11/30/2003,373
12/1/2003,428
12/2/2003,316
12/3/2003,246
12/4/2003,207
12/5/2003,199
12/6/2003,241
12/7/2003,236
12/8/2003,208
12/9/2003,214
12/10/2003,575
12/11/2003,1200
12/12/2003,732
12/13/2003,437
12/14/2003,317
12/15/2003,256
12/16/2003,227
12/17/2003,232
12/18/2003,203
12/19/2003,181
12/20/2003,161
12/21/2003,142
12/22/2003,143
12/23/2003,869
12/24/2003,1880
12/25/2003,1120
12/26/2003,715
12/27/2003,524
12/28/2003,420
12/29/2003,491
12/30/2003,1070
12/31/2003,754
1/1/2004,543
1/2/2004,479
1/3/2004,486
1/4/2004,487
1/5/2004,542
1/6/2004,414
1/7/2004,362
1/8/2004,322
1/9/2004,291
1/10/2004,255
1/11/2004,228
1/12/2004,226
1/13/2004,222
1/14/2004,211
1/15/2004,193
1/16/2004,175
1/17/2004,169
1/18/2004,165
1/19/2004,144
1/20/2004,131
1/21/2004,123
1/22/2004,117
1/23/2004,114
1/24/2004,112
1/25/2004,111
1/26/2004,110
1/27/2004,110
1/28/2004,110
1/29/2004,110
1/30/2004,110
1/31/2004,109
2/1/2004,109
2/2/2004,108
2/3/2004,108
2/4/2004,108
2/5/2004,107
2/6/2004,106
2/7/2004,106
2/8/2004,104
2/9/2004,102
2/10/2004,98
2/11/2004,94
2/12/2004,91
2/13/2004,89
2/14/2004,86
2/15/2004,85
2/16/2004,83
2/17/2004,82
2/18/2004,84
2/19/2004,85
2/20/2004,118
2/21/2004,668
2/22/2004,519
2/23/2004,743
2/24/2004,621
2/25/2004,485
2/26/2004,666
2/27/2004,674
2/28/2004,748
2/29/2004,757
3/1/2004,970
3/2/2004,1430
3/3/2004,1020
3/4/2004,794
3/5/2004,1940
3/6/2004,1880
3/7/2004,1060
3/8/2004,751
3/9/2004,591
3/10/2004,473
3/11/2004,404
3/12/2004,345
3/13/2004,288
3/14/2004,268
3/15/2004,258
3/16/2004,241
3/17/2004,237
3/18/2004,230
3/19/2004,240
3/20/2004,250
3/21/2004,302
3/22/2004,261
3/23/2004,231
3/24/2004,218
3/25/2004,217
3/26/2004,249
3/27/2004,359
3/28/2004,319
3/29/2004,283
3/30/2004,263
3/31/2004,239
4/1/2004,213
4/2/2004,193
4/3/2004,178
4/4/2004,164
4/5/2004,150
4/6/2004,142
4/7/2004,140
4/8/2004,135
4/9/2004,128
4/10/2004,119
4/11/2004,113
4/12/2004,109
4/13/2004,107
4/14/2004,103
4/15/2004,97
4/16/2004,108
4/17/2004,99
4/18/2004,89
4/19/2004,85
4/20/2004,82
4/21/2004,87
4/22/2004,88
4/23/2004,83
4/24/2004,78
4/25/2004,74
4/26/2004,73
4/27/2004,68
4/28/2004,64
4/29/2004,62
4/30/2004,59
5/1/2004,87
5/2/2004,175
5/3/2004,170
5/4/2004,123
5/5/2004,102
5/6/2004,85
5/7/2004,136
5/8/2004,263
5/9/2004,154
5/10/2004,224
5/11/2004,295
5/12/2004,463
5/13/2004,340
5/14/2004,237
5/15/2004,247
5/16/2004,187
5/17/2004,148
5/18/2004,172
5/19/2004,220
5/20/2004,171
5/21/2004,356
5/22/2004,1400
5/23/2004,837
5/24/2004,1730
5/25/2004,1000
5/26/2004,598
5/27/2004,409
5/28/2004,307
5/29/2004,234
5/30/2004,316
5/31/2004,2310
6/1/2004,1870
6/2/2004,929
6/3/2004,586
6/4/2004,413
6/5/2004,313
6/6/2004,253
6/7/2004,212
6/8/2004,183
6/9/2004,169
6/10/2004,325
6/11/2004,797
6/12/2004,2190
6/13/2004,3510
6/14/2004,2510
6/15/2004,1950
6/16/2004,1250
6/17/2004,1000
6/18/2004,759
6/19/2004,557
6/20/2004,429
6/21/2004,353
6/22/2004,306
6/23/2004,264
6/24/2004,229
6/25/2004,207
6/26/2004,187
6/27/2004,166
6/28/2004,153
6/29/2004,142
6/30/2004,131
7/1/2004,121
7/2/2004,112
7/3/2004,104
7/4/2004,139
7/5/2004,144
7/6/2004,127
7/7/2004,177
7/8/2004,155
7/9/2004,117
7/10/2004,102
7/11/2004,106
7/12/2004,141
7/13/2004,104
7/14/2004,87
7/15/2004,79
7/16/2004,70
7/17/2004,253
7/18/2004,262
7/19/2004,203
7/20/2004,151
7/21/2004,119
7/22/2004,751
7/23/2004,1060
7/24/2004,585
7/25/2004,354
7/26/2004,247
7/27/2004,198
7/28/2004,164
7/29/2004,138
7/30/2004,119
7/31/2004,115
8/1/2004,103
8/2/2004,94
8/3/2004,88
8/4/2004,101
8/5/2004,109
8/6/2004,91
8/7/2004,81
8/8/2004,73
8/9/2004,68
8/10/2004,70
8/11/2004,65
8/12/2004,60
8/13/2004,57
8/14/2004,55
8/15/2004,53
8/16/2004,58
8/17/2004,56
8/18/2004,58
8/19/2004,98
8/20/2004,154
8/21/2004,237
8/22/2004,134
8/23/2004,97
8/24/2004,82
8/25/2004,76
8/26/2004,75
8/27/2004,69
8/28/2004,85
8/29/2004,126
8/30/2004,149
8/31/2004,106
9/1/2004,85
9/2/2004,73
9/3/2004,66
9/4/2004,76
9/5/2004,68
9/6/2004,60
9/7/2004,71
9/8/2004,63
9/9/2004,54
9/10/2004,51
9/11/2004,47
9/12/2004,45
9/13/2004,44
9/14/2004,44
9/15/2004,43
9/16/2004,42
9/17/2004,40
9/18/2004,38
9/19/2004,37
9/20/2004,37
9/21/2004,38
9/22/2004,37
9/23/2004,37
9/24/2004,37
9/25/2004,37
9/26/2004,35
9/27/2004,35
9/28/2004,37
9/29/2004,49
9/30/2004,42
10/1/2004,39
10/2/2004,36
10/3/2004,34
10/4/2004,33
10/5/2004,36
10/6/2004,37
10/7/2004,36
10/8/2004,36
10/9/2004,36
10/10/2004,39
10/11/2004,35
10/12/2004,36
10/13/2004,37
10/14/2004,39
10/15/2004,38
10/16/2004,38
10/17/2004,37
10/18/2004,38
10/19/2004,58
10/20/2004,49
10/21/2004,45
10/22/2004,45
10/23/2004,44
10/24/2004,53
10/25/2004,54
10/26/2004,51
10/27/2004,47
10/28/2004,45
10/29/2004,45
10/30/2004,45
10/31/2004,55
11/1/2004,48
11/2/2004,69
11/3/2004,79
11/4/2004,78
11/5/2004,101
11/6/2004,85
11/7/2004,69
11/8/2004,60
11/9/2004,57
11/10/2004,53
11/11/2004,51
11/12/2004,49
11/13/2004,48
11/14/2004,45
11/15/2004,43
11/16/2004,47
11/17/2004,50
11/18/2004,59
11/19/2004,90
11/20/2004,124
11/21/2004,102
11/22/2004,83
11/23/2004,74
11/24/2004,126
11/25/2004,596
11/26/2004,437
11/27/2004,561
11/28/2004,1390
11/29/2004,874
11/30/2004,532
12/1/2004,806
12/2/2004,826
12/3/2004,520
12/4/2004,380
12/5/2004,306
12/6/2004,278
12/7/2004,841
12/8/2004,2170
12/9/2004,1330
12/10/2004,821
12/11/2004,732
12/12/2004,595
12/13/2004,439
12/14/2004,346
12/15/2004,285
12/16/2004,247
12/17/2004,223
12/18/2004,202
12/19/2004,184
12/20/2004,165
12/21/2004,150
12/22/2004,138
12/23/2004,132
12/24/2004,128
12/25/2004,123
12/26/2004,120
12/27/2004,116
12/28/2004,113
12/29/2004,110
12/30/2004,107
12/31/2004,337
1/1/2005,527
1/2/2005,486
1/3/2005,926
1/4/2005,1980
1/5/2005,1640
1/6/2005,1210
1/7/2005,777
1/8/2005,546
1/9/2005,434
1/10/2005,379
1/11/2005,562
1/12/2005,1950
1/13/2005,3480
1/14/2005,3800
1/15/2005,2390
1/16/2005,1390
1/17/2005,967
1/18/2005,700
1/19/2005,500
1/20/2005,340
1/21/2005,270
1/22/2005,230
1/23/2005,220
1/24/2005,200
1/25/2005,190
1/26/2005,180
1/27/2005,170
1/28/2005,160
1/29/2005,155
1/30/2005,150
1/31/2005,144
2/1/2005,140
2/2/2005,133
2/3/2005,131
2/4/2005,129
2/5/2005,126
2/6/2005,130
2/7/2005,243
2/8/2005,1150
2/9/2005,1310
2/10/2005,847
2/11/2005,593
2/12/2005,467
2/13/2005,652
2/14/2005,1780
2/15/2005,3030
2/16/2005,2330
2/17/2005,1970
2/18/2005,1270
2/19/2005,881
2/20/2005,719
2/21/2005,1220
2/22/2005,1470
2/23/2005,1030
2/24/2005,844
2/25/2005,657
2/26/2005,502
2/27/2005,419
2/28/2005,375
3/1/2005,394
3/2/2005,353
3/3/2005,301
3/4/2005,280
3/5/2005,319
3/6/2005,580
3/7/2005,833
3/8/2005,812
3/9/2005,487
3/10/2005,339
3/11/2005,291
3/12/2005,267
3/13/2005,236
3/14/2005,211
3/15/2005,200
3/16/2005,200
3/17/2005,208
3/18/2005,214
3/19/2005,298
3/20/2005,688
3/21/2005,505
3/22/2005,401
3/23/2005,358
3/24/2005,330
3/25/2005,314
3/26/2005,364
3/27/2005,353
3/28/2005,322
3/29/2005,290
3/30/2005,261
3/31/2005,258
4/1/2005,243
4/2/2005,232
4/3/2005,217
4/4/2005,200
4/5/2005,191
4/6/2005,181
4/7/2005,175
4/8/2005,168
4/9/2005,158
4/10/2005,150
4/11/2005,143
4/12/2005,136
4/13/2005,132
4/14/2005,124
4/15/2005,120
4/16/2005,114
4/17/2005,112
4/18/2005,112
4/19/2005,112
4/20/2005,114
4/21/2005,121
4/22/2005,121
4/23/2005,192
4/24/2005,195
4/25/2005,196
4/26/2005,187
4/27/2005,205
4/28/2005,178
4/29/2005,161
4/30/2005,149
5/1/2005,138
5/2/2005,129
5/3/2005,122
5/4/2005,115
5/5/2005,108
5/6/2005,106
5/7/2005,109
5/8/2005,107
5/9/2005,105
5/10/2005,99
5/11/2005,93
5/12/2005,96
5/13/2005,86
5/14/2005,162
5/15/2005,149
5/16/2005,129
5/17/2005,116
5/18/2005,106
5/19/2005,125
5/20/2005,240
5/21/2005,181
5/22/2005,147
5/23/2005,137
5/24/2005,121
5/25/2005,109
5/26/2005,100
5/27/2005,95
5/28/2005,91
5/29/2005,88
5/30/2005,83
5/31/2005,79
6/1/2005,77
6/2/2005,73
6/3/2005,74
6/4/2005,72
6/5/2005,68
6/6/2005,71
6/7/2005,66
6/8/2005,63
6/9/2005,61
6/10/2005,59
6/11/2005,65
6/12/2005,79
6/13/2005,120
6/14/2005,126
6/15/2005,88
6/16/2005,74
6/17/2005,64
6/18/2005,61
6/19/2005,57
6/20/2005,54
6/21/2005,53
6/22/2005,51
6/23/2005,46
6/24/2005,44
6/25/2005,42
6/26/2005,39
6/27/2005,50
6/28/2005,43
6/29/2005,42
6/30/2005,39
7/1/2005,38
7/2/2005,34
7/3/2005,31
7/4/2005,29
7/5/2005,32
7/6/2005,34
7/7/2005,30
7/8/2005,28
7/9/2005,28
7/10/2005,25
7/11/2005,23
7/12/2005,24
7/13/2005,25
7/14/2005,31
7/15/2005,28
7/16/2005,115
7/17/2005,199
7/18/2005,99
7/19/2005,153
7/20/2005,90
7/21/2005,99
7/22/2005,163
7/23/2005,108
7/24/2005,65
7/25/2005,56
7/26/2005,65
7/27/2005,545
7/28/2005,555
7/29/2005,303
7/30/2005,187
7/31/2005,132
8/1/2005,101
8/2/2005,85
8/3/2005,72
8/4/2005,63
8/5/2005,58
8/6/2005,53
8/7/2005,47
8/8/2005,43
8/9/2005,45
8/10/2005,43
8/11/2005,40
8/12/2005,40
8/13/2005,61
8/14/2005,70
8/15/2005,56
8/16/2005,48
8/17/2005,43
8/18/2005,40
8/19/2005,37
8/20/2005,35
8/21/2005,34
8/22/2005,31
8/23/2005,31
8/24/2005,30
8/25/2005,29
8/26/2005,28
8/27/2005,28
8/28/2005,25
8/29/2005,24
8/30/2005,40
8/31/2005,39
9/1/2005,32
9/2/2005,28
9/3/2005,25
9/4/2005,22
9/5/2005,20
9/6/2005,20
9/7/2005,22
9/8/2005,22
9/9/2005,22
9/10/2005,22
9/11/2005,21
9/12/2005,20
9/13/2005,21
9/14/2005,22
9/15/2005,22
9/16/2005,71
9/17/2005,44
9/18/2005,32
9/19/2005,29
9/20/2005,28
9/21/2005,27
9/22/2005,27
9/23/2005,57
9/24/2005,47
9/25/2005,38
9/26/2005,120
9/27/2005,78
9/28/2005,54
9/29/2005,70
9/30/2005,63
10/1/2005,47
10/2/2005,38
10/3/2005,34
10/4/2005,35
10/5/2005,32
10/6/2005,32
10/7/2005,29
10/8/2005,29
10/9/2005,29
10/10/2005,28
10/11/2005,33
10/12/2005,33
10/13/2005,34
10/14/2005,33
10/15/2005,31
10/16/2005,28
10/17/2005,30
10/18/2005,31
10/19/2005,32
10/20/2005,29
10/21/2005,29
10/22/2005,32
10/23/2005,32
10/24/2005,35
10/25/2005,33
10/26/2005,32
10/27/2005,31
10/28/2005,33
10/29/2005,33
10/30/2005,31
10/31/2005,32
11/1/2005,39
11/2/2005,50
11/3/2005,40
11/4/2005,36
11/5/2005,35
11/6/2005,34
11/7/2005,49
11/8/2005,45
11/9/2005,42
11/10/2005,39
11/11/2005,37
11/12/2005,37
11/13/2005,35
11/14/2005,34
11/15/2005,62
11/16/2005,459
11/17/2005,242
11/18/2005,115
11/19/2005,72
11/20/2005,54
11/21/2005,46
11/22/2005,40
11/23/2005,36
11/24/2005,35
11/25/2005,28
11/26/2005,27
11/27/2005,30
11/28/2005,95
11/29/2005,254
11/30/2005,198
12/1/2005,117
12/2/2005,88
12/3/2005,68
12/4/2005,60
12/5/2005,54
12/6/2005,52
12/7/2005,50
12/8/2005,50
12/9/2005,48
12/10/2005,46
12/11/2005,45
12/12/2005,43
12/13/2005,41
12/14/2005,39
12/15/2005,39
12/16/2005,39
12/17/2005,38
12/18/2005,38
12/19/2005,37
12/20/2005,37
12/21/2005,36
12/22/2005,36
12/23/2005,36
12/24/2005,40
12/25/2005,68
12/26/2005,221
12/27/2005,499
12/28/2005,608
12/29/2005,1300
12/30/2005,1010
12/31/2005,777
1/1/2006,733
1/2/2006,567
1/3/2006,916
1/4/2006,740
1/5/2006,523
1/6/2006,388
1/7/2006,297
1/8/2006,245
1/9/2006,212
1/10/2006,185
1/11/2006,192
1/12/2006,220
1/13/2006,289
1/14/2006,1270
1/15/2006,894
1/16/2006,550
1/17/2006,523
1/18/2006,1120
1/19/2006,753
1/20/2006,729
1/21/2006,780
1/22/2006,765
1/23/2006,522
1/24/2006,408
1/25/2006,342
1/26/2006,283
1/27/2006,247
1/28/2006,227
1/29/2006,660
1/30/2006,1410
1/31/2006,904
2/1/2006,612
2/2/2006,454
2/3/2006,416
2/4/2006,474
2/5/2006,772
2/6/2006,547
2/7/2006,406
2/8/2006,332
2/9/2006,281
2/10/2006,251
2/11/2006,228
2/12/2006,213
2/13/2006,204
2/14/2006,194
2/15/2006,205
2/16/2006,437
2/17/2006,1680
2/18/2006,1360
2/19/2006,745
2/20/2006,493
2/21/2006,372
2/22/2006,304
2/23/2006,267
2/24/2006,231
2/25/2006,208
2/26/2006,181
2/27/2006,170
2/28/2006,161
3/1/2006,151
3/2/2006,146
3/3/2006,138
3/4/2006,126
3/5/2006,118
3/6/2006,120
3/7/2006,120
3/8/2006,116
3/9/2006,134
3/10/2006,520
3/11/2006,603
3/12/2006,995
3/13/2006,1720
3/14/2006,2500
3/15/2006,1180
3/16/2006,729
3/17/2006,535
3/18/2006,422
3/19/2006,353
3/20/2006,303
3/21/2006,266
3/22/2006,237
3/23/2006,215
3/24/2006,199
3/25/2006,187
3/26/2006,175
3/27/2006,165
3/28/2006,168
3/29/2006,168
3/30/2006,159
3/31/2006,160
4/1/2006,181
4/2/2006,185
4/3/2006,531
4/4/2006,476
4/5/2006,332
4/6/2006,262
4/7/2006,241
4/8/2006,213
4/9/2006,183
4/10/2006,169
4/11/2006,159
4/12/2006,160
4/13/2006,156
4/14/2006,154
4/15/2006,154
4/16/2006,145
4/17/2006,215
4/18/2006,202
4/19/2006,178
4/20/2006,153
4/21/2006,142
4/22/2006,134
4/23/2006,126
4/24/2006,121
4/25/2006,121
4/26/2006,126
4/27/2006,117
4/28/2006,111
4/29/2006,105
4/30/2006,110
5/1/2006,152
5/2/2006,178
5/3/2006,204
5/4/2006,167
5/5/2006,142
5/6/2006,128
5/7/2006,114
5/8/2006,104
5/9/2006,103
5/10/2006,97
5/11/2006,732
5/12/2006,1380
5/13/2006,1330
5/14/2006,1010
5/15/2006,1260
5/16/2006,1450
5/17/2006,860
5/18/2006,705
5/19/2006,522
5/20/2006,401
5/21/2006,323
5/22/2006,267
5/23/2006,229
5/24/2006,203
5/25/2006,243
5/26/2006,284
5/27/2006,233
5/28/2006,187
5/29/2006,163
5/30/2006,165
5/31/2006,333
6/1/2006,350
6/2/2006,243
6/3/2006,230
6/4/2006,188
6/5/2006,157
6/6/2006,137
6/7/2006,204
6/8/2006,310
6/9/2006,206
6/10/2006,162
6/11/2006,140
6/12/2006,123
6/13/2006,111
6/14/2006,103
6/15/2006,95
6/16/2006,89
6/17/2006,82
6/18/2006,78
6/19/2006,92
6/20/2006,85
6/21/2006,79
6/22/2006,125
6/23/2006,147
6/24/2006,108
6/25/2006,89
6/26/2006,78
6/27/2006,85
6/28/2006,118
6/29/2006,82
6/30/2006,70
7/1/2006,63
7/2/2006,59
7/3/2006,83
7/4/2006,89
7/5/2006,73
7/6/2006,64
7/7/2006,57
7/8/2006,52
7/9/2006,50
7/10/2006,49
7/11/2006,52
7/12/2006,267
7/13/2006,538
7/14/2006,351
7/15/2006,695
7/16/2006,572
7/17/2006,386
7/18/2006,328
7/19/2006,296
7/20/2006,213
7/21/2006,174
7/22/2006,141
7/23/2006,115
7/24/2006,100
7/25/2006,91
7/26/2006,82
7/27/2006,162
7/28/2006,367
7/29/2006,325
7/30/2006,218
7/31/2006,158
8/1/2006,123
8/2/2006,100
8/3/2006,105
8/4/2006,123
8/5/2006,99
8/6/2006,81
8/7/2006,74
8/8/2006,68
8/9/2006,63
8/10/2006,60
8/11/2006,57
8/12/2006,53
8/13/2006,49
8/14/2006,47
8/15/2006,47
8/16/2006,44
8/17/2006,43
8/18/2006,41
8/19/2006,42
8/20/2006,42
8/21/2006,39
8/22/2006,39
8/23/2006,37
8/24/2006,37
8/25/2006,37
8/26/2006,38
8/27/2006,53
8/28/2006,54
8/29/2006,409
8/30/2006,221
8/31/2006,130
9/1/2006,94
9/2/2006,76
9/3/2006,64
9/4/2006,58
9/5/2006,53
9/6/2006,53
9/7/2006,51
9/8/2006,48
9/9/2006,46
9/10/2006,42
9/11/2006,43
9/12/2006,48
9/13/2006,69
9/14/2006,77
9/15/2006,58
9/16/2006,50
9/17/2006,45
9/18/2006,47
9/19/2006,52
9/20/2006,47
9/21/2006,44
9/22/2006,44
9/23/2006,100
9/24/2006,97
9/25/2006,78
9/26/2006,65
9/27/2006,56
9/28/2006,54
9/29/2006,50
9/30/2006,50
10/1/2006,55
10/2/2006,99
10/3/2006,472
10/4/2006,375
10/5/2006,428
10/6/2006,264
10/7/2006,183
10/8/2006,141
10/9/2006,117
10/10/2006,101
10/11/2006,99
10/12/2006,146
10/13/2006,121
10/14/2006,102
10/15/2006,90
10/16/2006,83
10/17/2006,893
10/18/2006,1480
10/19/2006,785
10/20/2006,492
10/21/2006,339
10/22/2006,262
10/23/2006,219
10/24/2006,189
10/25/2006,164
10/26/2006,150
10/27/2006,232
10/28/2006,877
10/29/2006,620
10/30/2006,393
10/31/2006,298
11/1/2006,238
11/2/2006,199
11/3/2006,171
11/4/2006,153
11/5/2006,142
11/6/2006,136
11/7/2006,156
11/8/2006,277
11/9/2006,246
11/10/2006,205
11/11/2006,318
11/12/2006,492
11/13/2006,327
11/14/2006,260
11/15/2006,224
11/16/2006,628
11/17/2006,1340
11/18/2006,786
11/19/2006,511
11/20/2006,380
11/21/2006,303
11/22/2006,254
11/23/2006,224
11/24/2006,203
11/25/2006,188
11/26/2006,175
11/27/2006,166
11/28/2006,162
11/29/2006,156
11/30/2006,241
12/1/2006,1730
12/2/2006,2710
12/3/2006,1360
12/4/2006,803
12/5/2006,553
12/6/2006,425
12/7/2006,357
12/8/2006,294
12/9/2006,257
12/10/2006,231
12/11/2006,216
12/12/2006,262
12/13/2006,978
12/14/2006,688
12/15/2006,474
12/16/2006,363
12/17/2006,304
12/18/2006,273
12/19/2006,249
12/20/2006,227
12/21/2006,253
12/22/2006,973
12/23/2006,1170
12/24/2006,674
12/25/2006,486
12/26/2006,760
12/27/2006,635
12/28/2006,450
12/29/2006,365
12/30/2006,317
12/31/2006,465
1/1/2007,1710
1/2/2007,1140
1/3/2007,693
1/4/2007,517
1/5/2007,1300
1/6/2007,1970
1/7/2007,1210
1/8/2007,904
1/9/2007,696
1/10/2007,521
1/11/2007,426
1/12/2007,390
1/13/2007,1090
1/14/2007,1090
1/15/2007,2060
1/16/2007,2620
1/17/2007,1270
1/18/2007,803
1/19/2007,602
1/20/2007,483
1/21/2007,410
1/22/2007,365
1/23/2007,333
1/24/2007,302
1/25/2007,277
1/26/2007,254
1/27/2007,249
1/28/2007,236
1/29/2007,215
1/30/2007,208
1/31/2007,203
2/1/2007,194
2/2/2007,184
2/3/2007,182
2/4/2007,179
2/5/2007,174
2/6/2007,165
2/7/2007,147
2/8/2007,146
2/9/2007,145
2/10/2007,144
2/11/2007,143
2/12/2007,143
2/13/2007,145
2/14/2007,144
2/15/2007,143
2/16/2007,140
2/17/2007,138
2/18/2007,136
2/19/2007,134
2/20/2007,132
2/21/2007,130
2/22/2007,127
2/23/2007,124
2/24/2007,122
2/25/2007,140
2/26/2007,236
2/27/2007,187
2/28/2007,161
3/1/2007,347
3/2/2007,1460
3/3/2007,1030
3/4/2007,614
3/5/2007,440
3/6/2007,354
3/7/2007,299
3/8/2007,251
3/9/2007,273
3/10/2007,841
3/11/2007,1300
3/12/2007,880
3/13/2007,688
3/14/2007,697
3/15/2007,1040
3/16/2007,824
3/17/2007,549
3/18/2007,423
3/19/2007,373
3/20/2007,346
3/21/2007,309
3/22/2007,338
3/23/2007,666
3/24/2007,852
3/25/2007,599
3/26/2007,460
3/27/2007,378
3/28/2007,348
3/29/2007,404
3/30/2007,314
3/31/2007,278
4/1/2007,323
4/2/2007,319
4/3/2007,272
4/4/2007,245
4/5/2007,220
4/6/2007,203
4/7/2007,190
4/8/2007,180
4/9/2007,173
4/10/2007,171
4/11/2007,244
4/12/2007,1130
4/13/2007,709
4/14/2007,468
4/15/2007,393
4/16/2007,378
4/17/2007,316
4/18/2007,279
4/19/2007,249
4/20/2007,221
4/21/2007,204
4/22/2007,189
4/23/2007,183
4/24/2007,174
4/25/2007,539
4/26/2007,2010
4/27/2007,2480
4/28/2007,1480
4/29/2007,883
4/30/2007,620
5/1/2007,556
5/2/2007,662
5/3/2007,446
5/4/2007,346
5/5/2007,294
5/6/2007,253
5/7/2007,223
5/8/2007,206
5/9/2007,195
5/10/2007,185
5/11/2007,174
5/12/2007,161
5/13/2007,148
5/14/2007,141
5/15/2007,135
5/16/2007,139
5/17/2007,130
5/18/2007,122
5/19/2007,117
5/20/2007,113
5/21/2007,108
5/22/2007,105
5/23/2007,99
5/24/2007,95
5/25/2007,90
5/26/2007,87
5/27/2007,92
5/28/2007,89
5/29/2007,84
5/30/2007,85
5/31/2007,80
6/1/2007,75
6/2/2007,74
6/3/2007,81
6/4/2007,85
6/5/2007,93
6/6/2007,84
6/7/2007,76
6/8/2007,72
6/9/2007,67
6/10/2007,62
6/11/2007,61
6/12/2007,61
6/13/2007,59
6/14/2007,57
6/15/2007,55
6/16/2007,53
6/17/2007,51
6/18/2007,50
6/19/2007,78
6/20/2007,96
6/21/2007,62
6/22/2007,54
6/23/2007,50
6/24/2007,49
6/25/2007,49
6/26/2007,47
6/27/2007,45
6/28/2007,51
6/29/2007,72
6/30/2007,53
7/1/2007,45
7/2/2007,42
7/3/2007,41
7/4/2007,39
7/5/2007,39
7/6/2007,37
7/7/2007,36
7/8/2007,35
7/9/2007,34
7/10/2007,35
7/11/2007,33
7/12/2007,31
7/13/2007,31
7/14/2007,31
7/15/2007,33
7/16/2007,30
7/17/2007,32
7/18/2007,36
7/19/2007,323
7/20/2007,234
7/21/2007,112
7/22/2007,70
7/23/2007,54
7/24/2007,47
7/25/2007,46
7/26/2007,91
7/27/2007,77
7/28/2007,57
7/29/2007,48
7/30/2007,42
7/31/2007,39
8/1/2007,37
8/2/2007,35
8/3/2007,33
8/4/2007,32
8/5/2007,85
8/6/2007,97
8/7/2007,110
8/8/2007,153
8/9/2007,233
8/10/2007,312
8/11/2007,144
8/12/2007,89
8/13/2007,66
8/14/2007,55
8/15/2007,49
8/16/2007,52
8/17/2007,47
8/18/2007,41
8/19/2007,46
8/20/2007,1070
8/21/2007,3340
8/22/2007,2680
8/23/2007,1510
8/24/2007,997
8/25/2007,1080
8/26/2007,841
8/27/2007,584
8/28/2007,434
8/29/2007,338
8/30/2007,268
8/31/2007,217
9/1/2007,178
9/2/2007,152
9/3/2007,132
9/4/2007,117
9/5/2007,106
9/6/2007,96
9/7/2007,108
9/8/2007,114
9/9/2007,104
9/10/2007,99
9/11/2007,108
9/12/2007,97
9/13/2007,84
9/14/2007,77
9/15/2007,71
9/16/2007,65
9/17/2007,63
9/18/2007,62
9/19/2007,59
9/20/2007,57
9/21/2007,55
9/22/2007,52
9/23/2007,49
9/24/2007,49
9/25/2007,53
9/26/2007,55
9/27/2007,53
9/28/2007,51
9/29/2007,48
9/30/2007,45
10/1/2007,46
10/2/2007,53
10/3/2007,52
10/4/2007,53
10/5/2007,48
10/6/2007,47
10/7/2007,47
10/8/2007,46
10/9/2007,46
10/10/2007,45
10/11/2007,44
10/12/2007,44
10/13/2007,43
10/14/2007,43
10/15/2007,45
10/16/2007,47
10/17/2007,53
10/18/2007,65
10/19/2007,110
10/20/2007,82
10/21/2007,61
10/22/2007,54
10/23/2007,64
10/24/2007,74
10/25/2007,61
10/26/2007,55
10/27/2007,67
10/28/2007,68
10/29/2007,61
10/30/2007,62
10/31/2007,60
11/1/2007,57
11/2/2007,54
11/3/2007,53
11/4/2007,52
11/5/2007,53
11/6/2007,53
11/7/2007,51
11/8/2007,52
11/9/2007,51
11/10/2007,50
11/11/2007,52
11/12/2007,72
11/13/2007,94
11/14/2007,86
11/15/2007,76
11/16/2007,77
11/17/2007,71
11/18/2007,75
11/19/2007,74
11/20/2007,74
11/21/2007,143
11/22/2007,1260
11/23/2007,888
11/24/2007,495
11/25/2007,343
11/26/2007,351
11/27/2007,649
11/28/2007,405
11/29/2007,295
11/30/2007,237
12/1/2007,199
12/2/2007,204
12/3/2007,521
12/4/2007,384
12/5/2007,295
12/6/2007,239
12/7/2007,212
12/8/2007,190
12/9/2007,202
12/10/2007,408
12/11/2007,752
12/12/2007,2560
12/13/2007,2350
12/14/2007,1260
12/15/2007,822
12/16/2007,627
12/17/2007,504
12/18/2007,422
12/19/2007,374
12/20/2007,335
12/21/2007,308
12/22/2007,344
12/23/2007,1810
12/24/2007,2470
12/25/2007,1170
12/26/2007,744
12/27/2007,580
12/28/2007,514
12/29/2007,581
12/30/2007,489
12/31/2007,409
1/1/2008,381
1/2/2008,347
1/3/2008,309
1/4/2008,289
1/5/2008,284
1/6/2008,697
1/7/2008,1360
1/8/2008,2680
1/9/2008,4720
1/10/2008,3810
1/11/2008,2140
1/12/2008,1450
1/13/2008,1060
1/14/2008,856
1/15/2008,727
1/16/2008,610
1/17/2008,546
1/18/2008,485
1/19/2008,421
1/20/2008,400
1/21/2008,355
1/22/2008,324
1/23/2008,289
1/24/2008,256
1/25/2008,239
1/26/2008,220
1/27/2008,207
1/28/2008,199
1/29/2008,273
1/30/2008,961
1/31/2008,605
2/1/2008,386
2/2/2008,330
2/3/2008,299
2/4/2008,278
2/5/2008,2320
2/6/2008,4800
2/7/2008,5040
2/8/2008,3340
2/9/2008,1920
2/10/2008,1340
2/11/2008,999
2/12/2008,806
2/13/2008,676
2/14/2008,564
2/15/2008,490
2/16/2008,437
2/17/2008,628
2/18/2008,2550
2/19/2008,1540
2/20/2008,903
2/21/2008,611
2/22/2008,498
2/23/2008,409
2/24/2008,356
2/25/2008,332
2/26/2008,322
2/27/2008,298
2/28/2008,276
2/29/2008,266
3/1/2008,264
3/2/2008,257
3/3/2008,1040
3/4/2008,1940
3/5/2008,998
3/6/2008,650
3/7/2008,512
3/8/2008,417
3/9/2008,355
3/10/2008,338
3/11/2008,382
3/12/2008,628
3/13/2008,740
3/14/2008,732
3/15/2008,677
3/16/2008,553
3/17/2008,463
3/18/2008,632
3/19/2008,1420
3/20/2008,1330
3/21/2008,797
3/22/2008,653
3/23/2008,653
3/24/2008,600
3/25/2008,536
3/26/2008,492
3/27/2008,482
3/28/2008,1730
3/29/2008,1560
3/30/2008,1000
3/31/2008,818
4/1/2008,1660
4/2/2008,1260
4/3/2008,792
4/4/2008,770
4/5/2008,724
4/6/2008,604
4/7/2008,525
4/8/2008,458
4/9/2008,426
4/10/2008,420
4/11/2008,1460
4/12/2008,1440
4/13/2008,923
4/14/2008,734
4/15/2008,601
4/16/2008,506
4/17/2008,434
4/18/2008,381
4/19/2008,343
4/20/2008,320
4/21/2008,296
4/22/2008,273
4/23/2008,257
4/24/2008,241
4/25/2008,244
4/26/2008,230
4/27/2008,209
4/28/2008,202
4/29/2008,228
4/30/2008,209
5/1/2008,197
5/2/2008,197
5/3/2008,189
5/4/2008,177
5/5/2008,168
5/6/2008,165
5/7/2008,164
5/8/2008,233
5/9/2008,197
5/10/2008,177
5/11/2008,191
5/12/2008,258
5/13/2008,216
5/14/2008,221
5/15/2008,267
5/16/2008,232
5/17/2008,202
5/18/2008,220
5/19/2008,218
5/20/2008,193
5/21/2008,175
5/22/2008,160
5/23/2008,150
5/24/2008,140
5/25/2008,134
5/26/2008,131
5/27/2008,126
5/28/2008,118
5/29/2008,113
5/30/2008,111
5/31/2008,135
6/1/2008,115
6/2/2008,97
6/3/2008,173
6/4/2008,171
6/5/2008,164
6/6/2008,147
6/7/2008,114
6/8/2008,101
6/9/2008,96
6/10/2008,220
6/11/2008,209
6/12/2008,135
6/13/2008,120
6/14/2008,114
6/15/2008,97
6/16/2008,95
6/17/2008,85
6/18/2008,77
6/19/2008,73
6/20/2008,69
6/21/2008,75
6/22/2008,215
6/23/2008,162
6/24/2008,120
6/25/2008,100
6/26/2008,172
6/27/2008,216
6/28/2008,162
6/29/2008,143
6/30/2008,104
7/1/2008,85
7/2/2008,75
7/3/2008,320
7/4/2008,212
7/5/2008,124
7/6/2008,93
7/7/2008,82
7/8/2008,89
7/9/2008,513
7/10/2008,351
7/11/2008,208
7/12/2008,146
7/13/2008,113
7/14/2008,92
7/15/2008,79
7/16/2008,70
7/17/2008,64
7/18/2008,61
7/19/2008,58
7/20/2008,67
7/21/2008,66
7/22/2008,58
7/23/2008,53
7/24/2008,50
7/25/2008,48
7/26/2008,46
7/27/2008,43
7/28/2008,42
7/29/2008,42
7/30/2008,41
7/31/2008,40
8/1/2008,45
8/2/2008,48
8/3/2008,38
8/4/2008,38
8/5/2008,47
8/6/2008,42
8/7/2008,38
8/8/2008,37
8/9/2008,35
8/10/2008,42
8/11/2008,35
8/12/2008,34
8/13/2008,35
8/14/2008,36
8/15/2008,34
8/16/2008,32
8/17/2008,31
8/18/2008,29
8/19/2008,31
8/20/2008,30
8/21/2008,29
8/22/2008,29
8/23/2008,29
8/24/2008,26
8/25/2008,26
8/26/2008,27
8/27/2008,26
8/28/2008,26
8/29/2008,27
8/30/2008,25
8/31/2008,23
9/1/2008,23
9/2/2008,23
9/3/2008,43
9/4/2008,140
9/5/2008,53
9/6/2008,40
9/7/2008,39
9/8/2008,40
9/9/2008,36
9/10/2008,35
9/11/2008,33
9/12/2008,39
9/13/2008,233
9/14/2008,219
9/15/2008,238
9/16/2008,145
9/17/2008,99
9/18/2008,75
9/19/2008,59
9/20/2008,51
9/21/2008,45
9/22/2008,41
9/23/2008,40
9/24/2008,38
9/25/2008,37
9/26/2008,36
9/27/2008,34
9/28/2008,32
9/29/2008,32
9/30/2008,34
10/1/2008,33
10/2/2008,33
10/3/2008,33
10/4/2008,33
10/5/2008,32
10/6/2008,32
10/7/2008,33
10/8/2008,36
10/9/2008,38
10/10/2008,35
10/11/2008,34
10/12/2008,33
10/13/2008,32
10/14/2008,34
10/15/2008,34
10/16/2008,49
10/17/2008,41
10/18/2008,36
10/19/2008,36
10/20/2008,33
10/21/2008,34
10/22/2008,35
10/23/2008,35
10/24/2008,45
10/25/2008,91
10/26/2008,54
10/27/2008,43
10/28/2008,44
10/29/2008,43
10/30/2008,42
10/31/2008,40
11/1/2008,39
11/2/2008,37
11/3/2008,36
11/4/2008,38
11/5/2008,41
11/6/2008,38
11/7/2008,37
11/8/2008,37
11/9/2008,36
11/10/2008,37
11/11/2008,39
11/12/2008,40
11/13/2008,58
11/14/2008,60
11/15/2008,79
11/16/2008,125
11/17/2008,95
11/18/2008,76
11/19/2008,65
11/20/2008,59
11/21/2008,56
11/22/2008,51
11/23/2008,47
11/24/2008,50
11/25/2008,53
11/26/2008,51
11/27/2008,50
11/28/2008,47
11/29/2008,46
11/30/2008,46
12/1/2008,48
12/2/2008,49
12/3/2008,47
12/4/2008,48
12/5/2008,47
12/6/2008,47
12/7/2008,47
12/8/2008,43
12/9/2008,67
12/10/2008,304
12/11/2008,244
12/12/2008,157
12/13/2008,115
12/14/2008,101
12/15/2008,109
12/16/2008,145
12/17/2008,112
12/18/2008,97
12/19/2008,94
12/20/2008,85
12/21/2008,77
12/22/2008,73
12/23/2008,75
12/24/2008,236
12/25/2008,536
12/26/2008,397
12/27/2008,970
12/28/2008,2730
12/29/2008,2530
12/30/2008,1350
12/31/2008,903
1/1/2009,627
1/2/2009,486
1/3/2009,377
1/4/2009,319
1/5/2009,265
1/6/2009,225
1/7/2009,213
1/8/2009,177
1/9/2009,170
1/10/2009,153
1/11/2009,137
1/12/2009,128
1/13/2009,120
1/14/2009,113
1/15/2009,106
1/16/2009,105
1/17/2009,99
1/18/2009,95
1/19/2009,94
1/20/2009,91
1/21/2009,88
1/22/2009,91
1/23/2009,92
1/24/2009,90
1/25/2009,87
1/26/2009,85
1/27/2009,83
1/28/2009,82
1/29/2009,80
1/30/2009,78
1/31/2009,77
2/1/2009,79
2/2/2009,80
2/3/2009,75
2/4/2009,71
2/5/2009,65
2/6/2009,65
2/7/2009,143
2/8/2009,766
2/9/2009,858
2/10/2009,721
2/11/2009,1420
2/12/2009,3260
2/13/2009,2230
2/14/2009,1200
2/15/2009,828
2/16/2009,604
2/17/2009,469
2/18/2009,437
2/19/2009,538
2/20/2009,370
2/21/2009,296
2/22/2009,253
2/23/2009,218
2/24/2009,193
2/25/2009,189
2/26/2009,198
2/27/2009,709
2/28/2009,891
3/1/2009,537
3/2/2009,355
3/3/2009,279
3/4/2009,236
3/5/2009,212
3/6/2009,202
3/7/2009,206
3/8/2009,1580
3/9/2009,3940
3/10/2009,3110
3/11/2009,4680
3/12/2009,5380
3/13/2009,3670
3/14/2009,2120
3/15/2009,1450
3/16/2009,1100
3/17/2009,882
3/18/2009,752
3/19/2009,671
3/20/2009,593
3/21/2009,539
3/22/2009,491
3/23/2009,433
3/24/2009,400
3/25/2009,383
3/26/2009,362
3/27/2009,331
3/28/2009,308
3/29/2009,871
3/30/2009,849
3/31/2009,613
4/1/2009,527
4/2/2009,442
4/3/2009,1290
4/4/2009,1210
4/5/2009,836
4/6/2009,3000
4/7/2009,3490
4/8/2009,2050
4/9/2009,1250
4/10/2009,885
4/11/2009,711
4/12/2009,600
4/13/2009,551
4/14/2009,940
4/15/2009,1600
4/16/2009,995
4/17/2009,708
4/18/2009,583
4/19/2009,517
4/20/2009,1210
4/21/2009,1340
4/22/2009,969
4/23/2009,713
4/24/2009,592
4/25/2009,505
4/26/2009,443
4/27/2009,397
4/28/2009,378
4/29/2009,370
4/30/2009,390
5/1/2009,574
5/2/2009,466
5/3/2009,383
5/4/2009,334
5/5/2009,299
5/6/2009,279
5/7/2009,269
5/8/2009,260
5/9/2009,250
5/10/2009,238
5/11/2009,218
5/12/2009,200
5/13/2009,197
5/14/2009,505
5/15/2009,434
5/16/2009,1160
5/17/2009,1180
5/18/2009,657
5/19/2009,445
5/20/2009,331
5/21/2009,269
5/22/2009,226
5/23/2009,199
5/24/2009,177
5/25/2009,183
5/26/2009,162
5/27/2009,810
5/28/2009,741
5/29/2009,429
5/30/2009,295
5/31/2009,234
6/1/2009,205
6/2/2009,337
6/3/2009,374
6/4/2009,264
6/5/2009,213
6/6/2009,175
6/7/2009,151
6/8/2009,139
6/9/2009,129
6/10/2009,117
6/11/2009,355
6/12/2009,977
6/13/2009,551
6/14/2009,373
6/15/2009,286
6/16/2009,232
6/17/2009,201
6/18/2009,177
6/19/2009,385
6/20/2009,673
6/21/2009,470
6/22/2009,317
6/23/2009,245
6/24/2009,198
6/25/2009,170
6/26/2009,150
6/27/2009,130
6/28/2009,117
6/29/2009,105
6/30/2009,102
7/1/2009,95
7/2/2009,92
7/3/2009,85
7/4/2009,81
7/5/2009,79
7/6/2009,78
7/7/2009,71
7/8/2009,66
7/9/2009,64
7/10/2009,63
7/11/2009,134
7/12/2009,138
7/13/2009,86
7/14/2009,73
7/15/2009,65
7/16/2009,61
7/17/2009,86
7/18/2009,72
7/19/2009,58
7/20/2009,55
7/21/2009,55
7/22/2009,56
7/23/2009,63
7/24/2009,54
7/25/2009,65
7/26/2009,62
7/27/2009,49
7/28/2009,46
7/29/2009,54
7/30/2009,49
7/31/2009,44
8/1/2009,42
8/2/2009,41
8/3/2009,45
8/4/2009,48
8/5/2009,47
8/6/2009,46
8/7/2009,45
8/8/2009,46
8/9/2009,45
8/10/2009,43
8/11/2009,44
8/12/2009,43
8/13/2009,42
8/14/2009,41
8/15/2009,40
8/16/2009,40
8/17/2009,111
8/18/2009,711
8/19/2009,534
8/20/2009,358
8/21/2009,266
8/22/2009,194
8/23/2009,149
8/24/2009,116
8/25/2009,93
8/26/2009,80
8/27/2009,77
8/28/2009,85
8/29/2009,90
8/30/2009,72
8/31/2009,61
9/1/2009,56
9/2/2009,53
9/3/2009,51
9/4/2009,49
9/5/2009,46
9/6/2009,41
9/7/2009,50
9/8/2009,123
9/9/2009,112
9/10/2009,78
9/11/2009,61
9/12/2009,53
9/13/2009,46
9/14/2009,43
9/15/2009,42
9/16/2009,41
9/17/2009,39
9/18/2009,38
9/19/2009,41
9/20/2009,38
9/21/2009,48
9/22/2009,46
9/23/2009,46
9/24/2009,43
9/25/2009,40
9/26/2009,38
9/27/2009,37
9/28/2009,36
9/29/2009,36
9/30/2009,37
10/1/2009,37
10/2/2009,87
10/3/2009,96
10/4/2009,71
10/5/2009,57
10/6/2009,51
10/7/2009,49
10/8/2009,47
10/9/2009,95
10/10/2009,339
10/11/2009,215
10/12/2009,146
10/13/2009,113
10/14/2009,93
10/15/2009,88
10/16/2009,88
10/17/2009,84
10/18/2009,77
10/19/2009,69
10/20/2009,67
10/21/2009,66
10/22/2009,63
10/23/2009,313
10/24/2009,906
10/25/2009,568
10/26/2009,350
10/27/2009,251
10/28/2009,218
10/29/2009,202
10/30/2009,186
10/31/2009,660
11/1/2009,540
11/2/2009,345
11/3/2009,268
11/4/2009,212
11/5/2009,176
11/6/2009,150
11/7/2009,134
11/8/2009,126
11/9/2009,114
11/10/2009,104
11/11/2009,98
11/12/2009,98
11/13/2009,95
11/14/2009,91
11/15/2009,85
11/16/2009,85
11/17/2009,84
11/18/2009,86
11/19/2009,112
11/20/2009,121
11/21/2009,117
11/22/2009,107
11/23/2009,102
11/24/2009,97
11/25/2009,106
11/26/2009,129
11/27/2009,156
11/28/2009,156
11/29/2009,136
11/30/2009,152
12/1/2009,158
12/2/2009,143
12/3/2009,489
12/4/2009,470
12/5/2009,294
12/6/2009,217
12/7/2009,176
12/8/2009,154
12/9/2009,407
12/10/2009,621
12/11/2009,407
12/12/2009,291
12/13/2009,239
12/14/2009,295
12/15/2009,333
12/16/2009,274
12/17/2009,216
12/18/2009,190
12/19/2009,175
12/20/2009,161
12/21/2009,148
12/22/2009,141
12/23/2009,134
12/24/2009,129
12/25/2009,514
12/26/2009,1730
12/27/2009,1020
12/28/2009,625
12/29/2009,443
12/30/2009,338
12/31/2009,298
1/1/2010,255
1/2/2010,215
1/3/2010,193
1/4/2010,179
1/5/2010,166
1/6/2010,154
1/7/2010,147
1/8/2010,141
1/9/2010,137
1/10/2010,134
1/11/2010,130
1/12/2010,126
1/13/2010,122
1/14/2010,115
1/15/2010,118
1/16/2010,127
1/17/2010,138
1/18/2010,147
1/19/2010,143
1/20/2010,138
1/21/2010,130
1/22/2010,126
1/23/2010,125
1/24/2010,607
1/25/2010,1290
1/26/2010,736
1/27/2010,416
1/28/2010,272
1/29/2010,212
1/30/2010,183
1/31/2010,164
2/1/2010,156
2/2/2010,148
2/3/2010,140
2/4/2010,127
2/5/2010,130
2/6/2010,124
2/7/2010,107
2/8/2010,105
2/9/2010,103
2/10/2010,100
2/11/2010,96
2/12/2010,93
2/13/2010,90
2/14/2010,89
2/15/2010,86
2/16/2010,88
2/17/2010,89
2/18/2010,93
2/19/2010,90
2/20/2010,98
2/21/2010,98
2/22/2010,214
2/23/2010,365
2/24/2010,342
2/25/2010,294
2/26/2010,244
2/27/2010,215
2/28/2010,200
3/1/2010,282
3/2/2010,615
3/3/2010,512
3/4/2010,572
3/5/2010,502
3/6/2010,479
3/7/2010,505
3/8/2010,546
3/9/2010,567
3/10/2010,557
3/11/2010,528
3/12/2010,531
3/13/2010,991
3/14/2010,1620
3/15/2010,926
3/16/2010,618
3/17/2010,465
3/18/2010,374
3/19/2010,319
3/20/2010,271
3/21/2010,251
3/22/2010,235
3/23/2010,222
3/24/2010,203
3/25/2010,205
3/26/2010,306
3/27/2010,256
3/28/2010,256
3/29/2010,392
3/30/2010,331
3/31/2010,279
4/1/2010,245
4/2/2010,211
4/3/2010,184
4/4/2010,166
4/5/2010,165
4/6/2010,170
4/7/2010,188
4/8/2010,1390
4/9/2010,771
4/10/2010,468
4/11/2010,341
4/12/2010,268
4/13/2010,225
4/14/2010,195
4/15/2010,184
4/16/2010,174
4/17/2010,163
4/18/2010,152
4/19/2010,135
4/20/2010,125
4/21/2010,121
4/22/2010,113
4/23/2010,109
4/24/2010,127
4/25/2010,364
4/26/2010,1520
4/27/2010,1080
4/28/2010,592
4/29/2010,411
4/30/2010,319
5/1/2010,315
5/2/2010,451
5/3/2010,861
5/4/2010,639
5/5/2010,416
5/6/2010,302
5/7/2010,249
5/8/2010,243
5/9/2010,208
5/10/2010,178
5/11/2010,615
5/12/2010,1440
5/13/2010,1540
5/14/2010,1030
5/15/2010,673
5/16/2010,464
5/17/2010,353
5/18/2010,468
5/19/2010,457
5/20/2010,333
5/21/2010,538
5/22/2010,3190
5/23/2010,2800
5/24/2010,1300
5/25/2010,813
5/26/2010,584
5/27/2010,440
5/28/2010,342
5/29/2010,281
5/30/2010,250
5/31/2010,441
6/1/2010,1830
6/2/2010,1130
6/3/2010,842
6/4/2010,570
6/5/2010,452
6/6/2010,693
6/7/2010,523
6/8/2010,341
6/9/2010,325
6/10/2010,272
6/11/2010,298
6/12/2010,568
6/13/2010,749
6/14/2010,680
6/15/2010,565
6/16/2010,408
6/17/2010,318
6/18/2010,265
6/19/2010,579
6/20/2010,604
6/21/2010,392
6/22/2010,301
6/23/2010,256
6/24/2010,281
6/25/2010,229
6/26/2010,196
6/27/2010,216
6/28/2010,1030
6/29/2010,742
6/30/2010,456
7/1/2010,320
7/2/2010,239
7/3/2010,195
7/4/2010,166
7/5/2010,147
7/6/2010,134
7/7/2010,121
7/8/2010,114
7/9/2010,170
7/10/2010,144
7/11/2010,118
7/12/2010,107
7/13/2010,100
7/14/2010,95
7/15/2010,91
7/16/2010,88
7/17/2010,81
7/18/2010,76
7/19/2010,82
7/20/2010,76
7/21/2010,72
7/22/2010,68
7/23/2010,65
7/24/2010,88
7/25/2010,91
7/26/2010,75
7/27/2010,65
7/28/2010,63
7/29/2010,84
7/30/2010,64
7/31/2010,61
8/1/2010,61
8/2/2010,56
8/3/2010,64
8/4/2010,72
8/5/2010,84
8/6/2010,65
8/7/2010,56
8/8/2010,51
8/9/2010,48
8/10/2010,50
8/11/2010,48
8/12/2010,65
8/13/2010,59
8/14/2010,53
8/15/2010,49
8/16/2010,47
8/17/2010,45
8/18/2010,43
8/19/2010,41
8/20/2010,40
8/21/2010,46
8/22/2010,45
8/23/2010,39
8/24/2010,38
8/25/2010,38
8/26/2010,36
8/27/2010,36
8/28/2010,35
8/29/2010,32
8/30/2010,32
8/31/2010,33
9/1/2010,31
9/2/2010,53
9/3/2010,62
9/4/2010,41
9/5/2010,36
9/6/2010,33
9/7/2010,31
9/8/2010,30
9/9/2010,29
9/10/2010,30
9/11/2010,30
9/12/2010,33
9/13/2010,30
9/14/2010,29
9/15/2010,29
9/16/2010,29
9/17/2010,37
9/18/2010,32
9/19/2010,28
9/20/2010,27
9/21/2010,28
9/22/2010,28
9/23/2010,28
9/24/2010,27
9/25/2010,26
9/26/2010,26
9/27/2010,27
9/28/2010,38
9/29/2010,36
9/30/2010,31
10/1/2010,28
10/2/2010,30
10/3/2010,33
10/4/2010,30
10/5/2010,31
10/6/2010,30
10/7/2010,29
10/8/2010,28
10/9/2010,29
10/10/2010,27
10/11/2010,28
10/12/2010,28
10/13/2010,29
10/14/2010,30
10/15/2010,31
10/16/2010,34
10/17/2010,32
10/18/2010,32
10/19/2010,33
10/20/2010,32
10/21/2010,32
10/22/2010,30
10/23/2010,32
10/24/2010,30
10/25/2010,31
10/26/2010,35
10/27/2010,44
10/28/2010,35
10/29/2010,33
10/30/2010,33
10/31/2010,33
11/1/2010,34
11/2/2010,34
11/3/2010,34
11/4/2010,36
11/5/2010,37
11/6/2010,36
11/7/2010,33
11/8/2010,32
11/9/2010,35
11/10/2010,35
11/11/2010,37
11/12/2010,36
11/13/2010,36
11/14/2010,37
11/15/2010,35
11/16/2010,36
11/17/2010,50
11/18/2010,43
11/19/2010,37
11/20/2010,35
11/21/2010,33
11/22/2010,35
11/23/2010,108
11/24/2010,85
11/25/2010,157
11/26/2010,213
11/27/2010,119
11/28/2010,76
11/29/2010,61
11/30/2010,81
12/1/2010,97
12/2/2010,72
12/3/2010,58
12/4/2010,52
12/5/2010,47
12/6/2010,44
12/7/2010,43
12/8/2010,42
12/9/2010,41
12/10/2010,40
12/11/2010,41
12/12/2010,90
12/13/2010,85
12/14/2010,76
12/15/2010,64
12/16/2010,58
12/17/2010,52
12/18/2010,48
12/19/2010,44
12/20/2010,41
12/21/2010,39
12/22/2010,39
12/23/2010,40
12/24/2010,37
12/25/2010,35
12/26/2010,33
12/27/2010,32
12/28/2010,31
12/29/2010,31
12/30/2010,33
12/31/2010,44